,Normal,Pathological,Suspect,accuracy,macro avg,weighted avg
precision,0.9459459459459459,0.8928571428571429,0.7384615384615385,0.9107981220657277,0.8590882090882092,0.9111605530619615
recall,0.9459459459459459,0.8620689655172413,0.75,0.9107981220657277,0.8526716371543958,0.9107981220657277
f1-score,0.9459459459459459,0.8771929824561403,0.7441860465116279,0.9107981220657277,0.8557749916379048,0.9109542334928925
support,333.0,29.0,64.0,0.9107981220657277,426.0,426.0
