,Normal,Pathological,Suspect,accuracy,macro avg,weighted avg
precision,0.961764705882353,0.9310344827586207,0.8947368421052632,0.9507042253521126,0.9291786769154123,0.9496028285294843
recall,0.9819819819819819,0.9310344827586207,0.796875,0.9507042253521126,0.9032971549135342,0.9507042253521126
f1-score,0.9717682020802377,0.9310344827586207,0.8429752066115702,0.9507042253521126,0.9152592971501429,0.9496460669386377
support,333.0,29.0,64.0,0.9507042253521126,426.0,426.0
