,Normal,Pathological,Suspect,accuracy,macro avg,weighted avg
precision,0.9721362229102167,0.875,0.7746478873239436,0.931924882629108,0.8739280367447201,0.9358540540324756
recall,0.9429429429429429,0.9655172413793104,0.859375,0.931924882629108,0.9226117281074178,0.931924882629108
f1-score,0.9573170731707317,0.9180327868852459,0.8148148148148148,0.931924882629108,0.8967215582902641,0.9332340007832721
support,333.0,29.0,64.0,0.931924882629108,426.0,426.0
